,word,frequency
0,cigar,4.403842922329204e-06
1,rebut,4.685089010081356e-07
2,sissy,3.702401230043506e-07
3,humph,7.824350056750973e-08
4,awake,1.5834150872251485e-05
5,blush,4.844964792027895e-06
6,focal,7.64079425152886e-06
7,evade,2.2059265916141158e-06
8,naval,8.914618774724659e-06
9,serve,6.059606130293105e-05
10,heath,9.898165558297478e-07
11,dwarf,3.176082259415125e-06
12,model,0.00020030224186484702
13,karma,1.8897358984304446e-06
14,stink,1.8093811320341047e-06
15,grade,2.396929448877927e-05
16,quiet,5.315081034495961e-05
17,bench,1.3792639265375328e-05
18,abate,7.101609469373216e-07
19,feign,6.431658761130166e-07
20,major,0.00012120363317080773
21,death,0.00018132416880689561
22,fresh,5.133960712555563e-05
23,crust,4.807975528819952e-06
24,stool,7.1071202683015144e-06
25,colon,4.634373340195452e-06
26,abase,9.16054094801666e-08
27,marry,2.6927767976303585e-05
28,react,1.2612782256837818e-05
29,batty,9.841980386227078e-08
30,pride,2.5492117401881842e-05
31,floss,4.0604053452852895e-07
32,helix,1.7352240888612869e-06
33,croak,6.147095206188169e-07
34,staff,6.504207522084471e-05
35,paper,0.00010489772466826253
36,unfed,7.089458886611055e-08
37,whelp,2.024981178294638e-07
38,trawl,3.293553518801673e-07
39,outdo,4.2554544421591345e-07
40,adobe,6.735268698321306e-07
41,crazy,2.4388703877775697e-05
42,sower,3.042577887413245e-07
43,repay,3.7875585121582844e-06
44,digit,3.6837303696302115e-06
45,crate,1.937146322461558e-06
46,cluck,1.664762052655533e-07
47,spike,2.989127324326546e-06
48,mimic,3.4602309142428567e-06
49,pound,1.0717143140936969e-05
50,maxim,2.044221730557183e-06
51,linen,7.098197670529771e-06
52,unmet,8.612191777501721e-07
53,flesh,3.2815207759995246e-05
54,booby,5.279926185153272e-07
55,forth,5.348380636860384e-05
56,first,0.0007599351520184427
57,stand,8.5715830209665e-05
58,belly,1.4216084082363523e-05
59,ivory,3.931853882477299e-06
60,seedy,6.059158437210499e-07
61,print,2.3175941805675393e-05
62,yearn,8.933276518519051e-07
63,drain,8.11547101875476e-06
64,bribe,2.175888880628918e-06
65,stout,4.244414128606877e-06
66,panel,1.9314178189233644e-05
67,crass,5.372234568312706e-07
68,flume,2.3629664980262532e-07
69,offal,3.1027179403508853e-07
70,agree,4.063336746185087e-05
71,error,4.244238243700238e-05
72,swirl,1.909939982169817e-06
73,argue,3.6378753975441214e-05
74,bleed,2.7935266189160757e-06
75,delta,3.371894536030595e-06
76,flick,2.2140452529129107e-06
77,totem,7.769396717094423e-07
78,wooer,8.184970035074457e-08
79,front,0.000170676128618652
80,shrub,1.4282038023338828e-06
81,parry,3.7894665183557663e-07
82,biome,2.871916890967441e-07
83,lapel,5.58521207949525e-07
84,start,0.0001228287692356389
85,greet,5.8977391290682135e-06
86,goner,2.2618576522859257e-07
87,golem,3.555752172701432e-07
88,lusty,7.053467214745979e-07
89,loopy,1.868473411548166e-07
90,round,8.919561514630914e-05
91,audit,1.0856773542400333e-05
92,lying,3.931742776330793e-05
93,gamma,3.939951056963764e-06
94,labor,5.233697083895095e-05
95,islet,9.020301661166741e-07
96,civic,9.38090715862927e-06
97,forge,3.2610528251098003e-06
98,corny,3.564445307802089e-07
99,moult,2.3318536790384314e-07
100,basic,7.137120519473683e-05
101,salad,7.669099659324274e-06
102,agate,3.045312482186091e-07
103,spicy,2.404485201168427e-06
104,spray,8.468277201245655e-06
105,essay,1.8484447082300903e-05
106,fjord,3.7298520538797675e-07
107,spend,4.1755778511287645e-05
108,kebab,2.333860926739817e-07
109,guild,1.7508203882243834e-06
110,aback,2.6716365368884e-06
111,motor,2.6454478302184725e-05
112,alone,0.00013540084546548314
113,hatch,3.632963910149556e-06
114,hyper,2.8970644621040265e-06
115,thumb,1.3836154948876356e-05
116,dowry,1.621647868432774e-06
117,ought,3.8695515286235604e-05
118,belch,2.2972563229473053e-07
119,dutch,1.5630209482253576e-07
120,pilot,1.7334426047455054e-05
121,tweed,7.231224401493819e-07
122,comet,1.5538574871243327e-06
123,jaunt,3.596469895228438e-07
124,enema,4.465224634486731e-07
125,steed,1.2382498084662075e-06
126,abyss,3.132828965135559e-06
127,growl,3.859948208173591e-06
128,fling,2.31235335945712e-06
129,dozen,2.2336967049341183e-05
130,boozy,1.5394664742984787e-07
131,erode,1.0138426489447738e-06
132,world,0.0004219686961732805
133,gouge,3.2362238044925107e-07
134,click,2.0641509763663635e-05
135,briar,2.225537123479171e-07
136,great,0.0003220123762730509
137,altar,1.2705219887720887e-05
138,pulpy,1.708903702990483e-07
139,blurt,6.408943420410651e-07
140,coast,2.427767321933061e-05
141,duchy,5.16560994867632e-07
142,groin,2.3991397029021755e-06
143,fixer,3.693514898372996e-07
144,group,0.000228750202950323
145,rogue,2.8747553528774006e-06
146,badly,1.742956374073401e-05
147,smart,2.49794384217239e-05
148,pithy,4.3083255718556757e-07
149,gaudy,9.067756252534309e-07
150,chill,8.464381153316936e-06
151,heron,4.453431188267132e-07
152,vodka,2.4925239472395333e-06
153,finer,3.6762643844667764e-06
154,surer,4.583237611655022e-07
155,radio,2.8869096240669023e-05
156,rouge,6.753585779506466e-07
157,perch,2.314110076895304e-06
158,retch,1.9344879476079768e-07
159,wrote,7.804258530086372e-05
160,clock,1.8832464775186963e-05
161,tilde,8.635963766323584e-08
162,store,4.476397498365259e-05
163,prove,3.914982153219171e-05
164,bring,0.00011704084135999437
165,solve,2.275809492857661e-05
166,cheat,2.9049710974504706e-06
167,grime,8.93464928708454e-07
168,exult,2.620750869652966e-07
169,usher,1.3427937801679946e-06
170,epoch,3.1113531804294325e-06
171,triad,1.8625030975272239e-06
172,break,6.704755105602089e-05
173,rhino,4.757527349852353e-07
174,viral,7.727811976110388e-06
175,conic,3.1101914998998836e-07
176,masse,1.0242767984891543e-06
177,sonic,1.655991269444712e-06
178,vital,2.2942321265873034e-05
179,trace,2.0301355107221752e-05
180,using,0.00025830606318777427
181,peach,2.304600002389634e-06
182,champ,5.149971613604976e-07
183,baton,1.0230753275664028e-06
184,brake,3.927522868707456e-06
185,pluck,2.074298805609942e-06
186,craze,7.607207521687087e-07
187,gripe,2.6008966713675363e-07
188,weary,9.426504220755305e-06
189,picky,5.498592656749679e-07
190,acute,2.6170293040195247e-05
191,ferry,4.028879857287393e-06
192,aside,3.8698219213983975e-05
193,tapir,1.020061919376758e-07
194,troll,1.0664952583283593e-06
195,unify,1.1195804461294756e-06
196,rebus,2.7185317463818137e-07
197,boost,6.469527193075919e-06
198,truss,8.550744610147376e-07
199,siege,5.855657377651369e-06
200,tiger,4.6925157448640675e-06
201,banal,1.1588975894483156e-06
202,slump,1.2454356692614965e-06
203,crank,1.291879868858814e-06
204,gorge,1.890639680368622e-06
205,query,8.391207757085795e-06
206,drink,5.332644832378719e-05
207,favor,2.6958122361975256e-05
208,abbey,1.8494235405341897e-06
209,tangy,4.5355360356325036e-07
210,panic,1.626939956622664e-05
211,solar,1.7383283648086945e-05
212,shire,4.4506116125830886e-07
213,proxy,4.454937311493268e-06
214,point,0.00028929439577041194
215,robot,8.937620805227198e-06
216,prick,2.536667182084784e-06
217,wince,1.364459023989184e-06
218,crimp,2.2825456724717696e-07
219,knoll,6.646427834766655e-07
220,sugar,3.112984813924413e-05
221,whack,8.316713433487166e-07
222,mount,7.4865077976937755e-06
223,perky,4.939615649846019e-07
224,could,0.0012458785204216838
225,wrung,1.5451009574007912e-06
226,light,0.00022202148466021754
227,those,0.0005750327982241288
228,moist,4.776278615281626e-06
229,shard,6.17925792312235e-07
230,pleat,9.981384074819744e-08
231,aloft,2.342091420359793e-06
232,skill,2.6313525268051308e-05
233,elder,9.679842605692102e-06
234,frame,3.951898088416783e-05
235,humor,1.0795820116982213e-05
236,pause,1.718242492643185e-05
237,ulcer,2.3457707811758155e-06
238,ultra,3.80800844368423e-06
239,robin,9.39427437174345e-07
240,cynic,3.928909393380309e-07
241,aroma,3.525697536588268e-06
242,caulk,8.203936552320101e-08
243,shake,2.0392479655129137e-05
244,dodge,1.7166597672257922e-06
245,swill,1.7168120791666297e-07
246,tacit,3.024440388799121e-06
247,other,0.0011898177908733487
248,thorn,1.8171160434121703e-06
249,trove,6.433312620401921e-07
250,bloke,1.4488257136235916e-06
251,vivid,7.897706723269948e-06
252,spill,4.461976459424477e-06
253,chant,2.679231613456068e-06
254,choke,2.702045719615853e-06
255,rupee,4.6364896633122044e-07
256,nasty,6.192865384946344e-06
257,mourn,2.4751951173129783e-06
258,ahead,4.954504311172059e-05
259,brine,1.41810158993394e-06
260,cloth,1.657309735492163e-05
261,hoard,9.90516269894215e-07
262,sweet,4.4576279833563603e-05
263,month,6.0438930631789844e-05
264,lapse,2.808926524267008e-06
265,watch,6.407464661606355e-05
266,today,0.00011531186100910418
267,focus,0.00010984481559717096
268,smelt,1.4858327403999283e-06
269,tease,3.507444091610523e-06
270,cater,1.6187216544949479e-06
271,movie,2.2494999484479195e-05
272,saute,6.929467755156793e-08
273,allow,8.472978697682265e-05
274,renew,3.259173126934911e-06
275,their,0.0019509932899381965
276,slosh,1.5307159273447724e-07
277,purge,1.848145188887429e-06
278,chest,6.55236635793699e-05
279,depot,2.1631659024023975e-06
280,epoxy,1.7194179520174657e-06
281,nymph,9.224057606616043e-07
282,found,0.0003895182453561574
283,shall,0.0002500350892660208
284,harry,2.1388804682942464e-07
285,stove,7.0743656124250265e-06
286,lowly,2.1872213267215557e-06
287,snout,1.3074103435428697e-06
288,trope,2.028027125788867e-06
289,fewer,1.8482287487131543e-05
290,shawl,2.561687210800301e-06
291,natal,8.63022648900369e-07
292,comma,1.5049654109589028e-06
293,foray,7.911682899930383e-07
294,scare,5.210886683926219e-06
295,stair,2.2246790365443303e-06
296,black,0.00016402520122937858
297,squad,4.957372652825143e-06
298,royal,2.2862045625515748e-05
299,chunk,2.662053873336845e-06
300,mince,7.962797781146946e-07
301,shame,2.2058353806642117e-05
302,cheek,2.4914030746003846e-05
303,ample,6.498429911516723e-06
304,flair,1.0333676243590162e-06
305,foyer,2.7064936034548737e-06
306,cargo,8.463487802146119e-06
307,oxide,1.1028409971913788e-05
308,plant,5.531245915335603e-05
309,olive,1.1868954743476934e-05
310,inert,2.780275337954663e-06
311,askew,6.114432977710749e-07
312,heist,3.221755164872775e-07
313,shown,0.0001326321144006215
314,zesty,9.563322578287625e-08
315,hasty,3.548291715560481e-06
316,trash,6.211846425685508e-06
317,fella,1.1843659422083874e-06
318,larva,8.053772120319991e-07
319,forgo,9.05258872307968e-07
320,story,0.00014743291103513911
321,hairy,2.7838495952892117e-06
322,train,4.620681193046039e-05
323,homer,3.126686003440682e-07
324,badge,3.568615170479461e-06
325,midst,1.689946816441079e-05
326,canny,4.4843566371355337e-07
327,fetus,3.977872836458118e-06
328,butch,2.767907005818415e-07
329,farce,1.3855038503152173e-06
330,slung,2.7930084343097406e-06
331,tipsy,7.370988015509283e-07
332,metal,4.7874001211312134e-05
333,yield,2.6436180178279756e-05
334,delve,1.3935864728864544e-06
335,being,0.000575357727939263
336,scour,8.355390122005701e-07
337,glass,7.243316031235736e-05
338,gamer,3.3303672353213187e-07
339,scrap,4.0516509898225195e-06
340,money,0.0001693444537522737
341,hinge,1.8881161167882965e-06
342,album,7.125475121938507e-06
343,vouch,6.762668220972046e-07
344,asset,1.8577656646812102e-05
345,tiara,4.788881540207512e-07
346,crept,7.843379307814757e-06
347,bayou,3.663655263608234e-07
348,atoll,2.7304695038310456e-07
349,manor,2.59101130950512e-06
350,creak,1.3281472206472245e-06
351,showy,7.378721988970938e-07
352,phase,6.810263221268542e-05
353,froth,7.920038882502922e-07
354,depth,3.398166882107034e-05
355,gloom,5.413356007011316e-06
356,flood,1.3024074405620922e-05
357,trait,7.365420856331184e-06
358,girth,9.514191390280757e-07
359,piety,4.120033963772585e-06
360,payer,9.233789199925013e-07
361,goose,3.423420082526718e-06
362,float,6.115267296991078e-06
363,donor,9.098954251385294e-06
364,atone,8.432438676209131e-07
365,primo,4.430940734323485e-07
366,apron,3.942164823911298e-06
367,blown,8.785306363279233e-06
368,cacao,8.107851101613051e-07
369,loser,2.0225932075845776e-06
370,input,3.8648674490104895e-05
371,gloat,3.7936869290433606e-07
372,awful,1.542461609460588e-05
373,brink,2.7417826800046896e-06
374,smite,1.0034646749090825e-06
375,beady,5.258580273448388e-07
376,rusty,2.8414588086889125e-06
377,retro,8.768729315988821e-07
378,droll,5.91862836074597e-07
379,gawky,1.4570831652349625e-07
380,hutch,2.1903640501363952e-07
381,pinto,2.681757393929729e-07
382,gaily,1.5051168986701668e-06
383,egret,9.129386491224523e-08
384,lilac,9.532319609206752e-07
385,sever,1.0582884897303302e-06
386,field,0.00014222707250155509
387,fluff,6.787828681353858e-07
388,hydro,1.123042352446646e-06
389,flack,6.133279928377533e-08
390,agape,8.886898825721801e-07
391,voice,0.00020062267503817566
392,stead,1.9189437523436936e-06
393,stalk,2.3407538378705794e-06
394,berth,1.6515824086127395e-06
395,madam,3.3706949125189567e-06
396,night,0.0002471897860232275
397,bland,2.037621527506417e-06
398,liver,2.088979408654268e-05
399,wedge,3.597419095058285e-06
400,augur,2.136669401409108e-07
401,roomy,4.3787952108687023e-07
402,wacky,2.765113720215595e-07
403,flock,6.048147838555451e-06
404,angry,3.920420294889482e-05
405,bobby,2.455469640949559e-07
406,trite,5.267048237556082e-07
407,aphid,3.8561884707633e-07
408,tryst,3.915155630807021e-07
409,midge,1.1867046545432913e-07
410,power,0.00030023304134374484
411,elope,2.5421258342817055e-07
412,cinch,3.1807149269980073e-07
413,motto,2.775375207875186e-06
414,stomp,6.669528431757499e-07
415,upset,1.8570272004581057e-05
416,bluff,2.440513867441041e-06
417,cramp,6.980786793064908e-07
418,quart,1.482058024748767e-06
419,coyly,4.08333221457724e-07
420,youth,4.4203685320098884e-05
421,rhyme,2.7379386438042275e-06
422,buggy,1.9566896014566737e-06
423,alien,1.109560707845958e-05
424,smear,2.079164914903231e-06
425,unfit,2.2467865505859663e-06
426,patty,2.817560442736067e-07
427,cling,3.34365302023798e-06
428,glean,8.500288970481051e-07
429,label,1.6790052086435026e-05
430,hunky,2.1739136002452142e-07
431,khaki,1.1520571661094436e-06
432,poker,3.040220235561719e-06
433,gruel,3.897353835213835e-07
434,twice,3.4803910239133984e-05
435,twang,4.120027057297193e-07
436,shrug,5.103652028992656e-06
437,treat,3.1454536838282365e-05
438,unlit,5.294846090464489e-07
439,waste,3.8399766708607785e-05
440,merit,9.21949208532169e-06
441,woven,4.889961019216571e-06
442,octal,1.032595662309177e-07
443,needy,3.275441031291848e-06
444,clown,1.956300820893375e-06
445,widow,9.605447530702804e-06
446,irony,7.043256687211397e-06
447,ruder,1.3520546460199512e-07
448,gauze,1.6293559212954278e-06
449,chief,4.343982618593145e-05
450,onset,1.363115620733879e-05
451,prize,9.002374326883e-06
452,fungi,4.806788751920976e-06
453,charm,9.789533123694127e-06
454,gully,9.162312295529773e-07
455,inter,1.384940014759195e-05
456,whoop,7.128158046043609e-07
457,taunt,9.80535361350121e-07
458,leery,3.0343258572429477e-07
459,class,0.000142711909575155
460,theme,2.3384335236187326e-05
461,lofty,4.62639076204141e-06
462,tibia,1.2315379365190893e-06
463,booze,1.7353403620745667e-06
464,alpha,7.549483825641801e-06
465,thyme,1.967351238363335e-06
466,eclat,3.990172814383186e-08
467,doubt,7.218778955575544e-05
468,parer,1.1196922500289475e-08
469,chute,9.434034211608378e-07
470,stick,2.6107682060683146e-05
471,trice,2.1345443457221336e-07
472,alike,1.4041419035493163e-05
473,sooth,5.01598648838808e-07
474,recap,5.426259264140754e-07
475,saint,6.253620313145802e-06
476,liege,4.2629821450645977e-07
477,glory,2.3862733542046044e-05
478,grate,1.8633880642937584e-06
479,admit,2.755316700131516e-05
480,brisk,2.725042577367276e-06
481,soggy,8.748707500672026e-07
482,usurp,5.541111676166111e-07
483,scald,2.0530493216597279e-07
484,scorn,3.809341762917029e-06
485,leave,0.00014992158321547322
486,twine,9.462412862148994e-07
487,sting,3.9985266653275175e-06
488,bough,7.240597028612683e-07
489,marsh,2.1313951492629712e-06
490,sloth,6.377671297741472e-07
491,dandy,8.387357013361907e-07
492,vigor,2.2937454104976496e-06
493,howdy,8.817949392891933e-08
494,enjoy,3.8924174987187143e-05
495,valid,1.9261109628132544e-05
496,ionic,4.049613835377386e-06
497,equal,6.50123201921815e-05
498,unset,7.432564075315895e-08
499,floor,0.00010108444075740408
500,catch,3.947586355934618e-05
501,spade,1.4820006128957175e-06
502,stein,1.265534486094566e-07
503,exist,5.2439639148360584e-05
504,quirk,4.6391114949528856e-07
505,denim,1.40669240522584e-06
506,grove,2.8040383313054917e-06
507,spiel,2.817393678355984e-07
508,mummy,1.5204250303213485e-06
509,fault,2.9417282348731533e-05
510,foggy,1.223805355721197e-06
511,flout,2.2109888320187565e-07
512,carry,5.556621454161359e-05
513,sneak,4.177625783086114e-06
514,libel,1.3528079705338314e-06
515,waltz,1.2212418880608311e-06
516,aptly,2.0008310457342304e-06
517,piney,8.018112396257493e-08
518,inept,7.71561829537859e-07
519,aloud,1.1299789775875979e-05
520,photo,1.949173793036607e-05
521,dream,4.7362673285533674e-05
522,stale,2.574928089416062e-06
523,vomit,2.2201093088369817e-06
524,ombre,1.4133155090689797e-07
525,fanny,1.8009820479392147e-07
526,unite,4.178811195743037e-06
527,snarl,1.4628236897351599e-06
528,baker,1.7713558122522954e-06
529,there,0.0012640072382055223
530,glyph,2.2394604570763477e-07
531,pooch,1.4928078329035088e-07
532,hippy,2.4489575523034546e-07
533,spell,1.349769149783242e-05
534,folly,4.9785869578045094e-06
535,louse,3.862064446025215e-07
536,gulch,2.016436191354387e-07
537,vault,3.532577579790086e-06
538,godly,2.3429423663401394e-06
539,threw,3.339532395330025e-05
540,fleet,1.0913729511230486e-05
541,grave,2.2289748358161887e-05
542,inane,4.4127207132760304e-07
543,shock,3.2672539418854285e-05
544,crave,1.7065914903469093e-06
545,spite,2.3081013750925194e-05
546,valve,1.0737458751464146e-05
547,skimp,1.1258481080744787e-07
548,claim,6.949097041797359e-05
549,rainy,3.001369691446598e-06
550,musty,1.1399798438560538e-06
551,pique,5.009441537140447e-07
552,daddy,4.239797135596746e-06
553,quasi,7.436433747898263e-06
554,arise,2.1781595023639966e-05
555,aging,1.0892915724980412e-05
556,valet,1.9628031679985725e-06
557,opium,2.8012634061269637e-06
558,avert,1.6675996619142097e-06
559,stuck,2.5923471639544005e-05
560,recut,5.2637409098110766e-08
561,mulch,6.112824451065535e-07
562,genre,1.2347312804195099e-05
563,plume,1.7922930339864251e-06
564,rifle,1.102802616514964e-05
565,count,3.260066114307847e-05
566,incur,2.155847880658257e-06
567,total,0.00010678034050215501
568,wrest,6.324206367480656e-07
569,mocha,2.568539620995125e-07
570,deter,2.997823742134642e-06
571,study,0.00022260383775574155
572,lover,1.6284186131088063e-05
573,safer,6.6673248966253595e-06
574,rivet,3.42762987770584e-07
575,funny,1.804657722459524e-05
576,smoke,2.968543640236021e-05
577,mound,4.168505029156222e-06
578,undue,2.9056658377157873e-06
579,sedan,1.579353607894518e-06
580,pagan,4.325228587731544e-06
581,swine,2.160282377872136e-06
582,guile,6.253205384609828e-07
583,gusty,2.65151491873894e-07
584,equip,1.4884574000006978e-06
585,tough,1.5675371514589642e-05
586,canoe,4.261345736722433e-06
587,chaos,1.1645798622339498e-05
588,covet,6.077735719145494e-07
589,human,0.00027873101498698816
590,udder,2.395819400646815e-07
591,lunch,2.722210820138571e-05
592,blast,8.135979442158714e-06
593,stray,4.45077819222206e-06
594,manga,6.111160431032658e-07
595,melee,5.958508921821704e-07
596,lefty,1.2263338788898182e-07
597,quick,4.853167865803698e-05
598,paste,5.8293646816309774e-06
599,given,0.00027500824216986075
600,octet,2.5784924062577375e-07
601,risen,8.832470257402747e-06
602,groan,5.461338560053264e-06
603,leaky,8.682655163738673e-07
604,grind,2.662251915808156e-06
605,carve,1.8578692220216908e-06
606,loose,2.409752778476104e-05
607,sadly,6.912408139214676e-06
608,spilt,6.869229167705271e-07
609,apple,1.1356297818565508e-05
610,slack,3.225146485874575e-06
611,honey,1.43264805956278e-05
612,final,8.963060463429429e-05
613,sheen,1.463464769813072e-06
614,eerie,2.366480032378604e-06
615,minty,1.6559468463128724e-07
616,slick,3.409670227938477e-06
617,derby,3.6792580004885167e-07
618,wharf,1.5125649497349514e-06
619,spelt,9.269899408081983e-07
620,coach,1.5353215758295846e-05
621,erupt,1.0963026682020427e-06
622,singe,1.6487028631217981e-07
623,price,7.82580846134806e-05
624,spawn,1.0347764316520625e-06
625,fairy,8.083599368546857e-06
626,jiffy,2.104409517755812e-07
627,filmy,3.388788627489703e-07
628,stack,8.818299875201774e-06
629,chose,2.6276869448338402e-05
630,sleep,8.078629616647959e-05
631,ardor,7.743200995946609e-07
632,nanny,1.7355163777210691e-06
633,niece,5.632052534565446e-06
634,woozy,3.254118610129808e-07
635,handy,4.48282321485749e-06
636,grace,2.689398024813272e-05
637,ditto,3.59156032914143e-07
638,stank,5.68008118762009e-07
639,cream,2.1113926322868792e-05
640,usual,4.69947181045427e-05
641,diode,2.019018751298063e-06
642,valor,1.2364409940346377e-06
643,angle,3.011910348504898e-05
644,ninja,4.982991868018871e-07
645,muddy,4.146502647017769e-06
646,chase,8.103303684947605e-06
647,reply,2.7272835723124444e-05
648,prone,8.762425068198354e-06
649,spoil,4.310728797918273e-06
650,heart,0.00021964834013488144
651,shade,1.3027351087657735e-05
652,diner,2.4226841333074844e-06
653,arson,1.0675349813027424e-06
654,onion,7.610442025907105e-06
655,sleet,5.928649500219763e-07
656,dowel,2.3454213504692234e-07
657,couch,1.5924735862427042e-05
658,palsy,2.106038579086089e-06
659,bowel,6.225303764040291e-06
660,smile,0.00010335858132748399
661,evoke,3.317979690109496e-06
662,creek,5.183777147976798e-06
663,lance,1.8310156235656905e-06
664,eagle,4.479303697735304e-06
665,idiot,7.04421108821407e-06
666,siren,1.9786899940754665e-06
667,built,7.439809996867552e-05
668,embed,1.2369773116915894e-06
669,award,1.0917314511971199e-05
670,dross,3.609125727166429e-07
671,annul,3.7737144964467007e-07
672,goody,3.06090740309628e-07
673,frown,7.105155304998334e-06
674,patio,3.1109395308703824e-06
675,laden,4.8122756197699346e-06
676,humid,2.3149078742790152e-06
677,elite,1.6926598618738353e-05
678,lymph,4.9785326154960785e-06
679,edify,1.675916472265726e-07
680,might,0.0004519230278674513
681,reset,2.4364599653381447e-06
682,visit,6.304187991190702e-05
683,gusto,8.51593753736779e-07
684,purse,9.978965636037174e-06
685,vapor,6.288895633588254e-06
686,crock,4.073244781466201e-07
687,write,7.048595944070257e-05
688,sunny,5.336235062713968e-06
689,loath,8.386628991274847e-07
690,chaff,9.356974857155365e-07
691,slide,1.3040267731412314e-05
692,queer,1.0238476988888578e-05
693,venom,2.161364307085023e-06
694,stamp,5.063382218395418e-06
695,sorry,5.869629512744723e-05
696,still,0.0004828891978831962
697,acorn,5.098659983104881e-07
698,aping,1.2815132421906128e-07
699,pushy,5.185488305414765e-07
700,tamer,2.309724358440235e-07
701,hater,3.598257833914431e-07
702,mania,1.7293461382905662e-06
703,awoke,5.153678216629487e-06
704,brawn,2.764381363817847e-07
705,swift,7.776246548019117e-06
706,exile,8.689931291883113e-06
707,birch,1.635409688560685e-06
708,lucky,1.8832851765182568e-05
709,freer,1.1299700020117598e-06
710,risky,6.401529390132055e-06
711,ghost,1.3005262871956802e-05
712,plier,2.307044510985179e-08
713,lunar,2.5180220859510882e-06
714,winch,4.78494371236593e-07
715,snare,1.616112086821886e-06
716,nurse,2.5224153432645835e-05
717,house,0.0002616390847833827
718,borax,1.5574042677712896e-07
719,nicer,1.7495435997716413e-06
720,lurch,1.051108228011799e-06
721,exalt,8.430740479070664e-07
722,about,0.001394576858729124
723,savvy,1.6925633872233448e-06
724,toxin,2.77465346698591e-06
725,tunic,2.5968289492084295e-06
726,pried,8.471312611391113e-07
727,inlay,2.337465652146875e-07
728,chump,1.9614966362269115e-07
729,lanky,8.662595689656882e-07
730,cress,1.6451967255193267e-07
731,eater,9.779797665032675e-07
732,elude,8.568856770807542e-07
733,cycle,3.893128905474441e-05
734,kitty,6.642645473675657e-07
735,boule,8.710437882086808e-08
736,moron,6.261844589516841e-07
737,tenet,1.1004016187143861e-06
738,place,0.0003929198064724915
739,lobby,7.808948680576577e-06
740,plush,1.5294135948806797e-06
741,vigil,1.1487078097616177e-06
742,index,3.36937555402983e-05
743,blink,4.548090942080307e-06
744,clung,6.34927141618391e-06
745,qualm,1.80884221379074e-07
746,croup,2.9456432315555503e-07
747,clink,6.845840090363708e-07
748,juicy,1.6458063498703268e-06
749,stage,9.172056888928637e-05
750,decay,9.192079687636578e-06
751,nerve,2.4436261355731403e-05
752,flier,3.387871032600742e-07
753,shaft,9.262145567845437e-06
754,crook,1.8610242875638505e-06
755,clean,4.584453199640848e-05
756,china,2.8254355584067525e-06
757,ridge,7.292619443433068e-06
758,vowel,3.2521671755603165e-06
759,gnome,4.4704680846052725e-07
760,snuck,1.6957438901954447e-06
761,icing,1.7405827179572952e-06
762,spiny,4.7146237136530544e-07
763,rigor,1.804924778525674e-06
764,snail,1.4117560453996703e-06
765,flown,4.0821252014211495e-06
766,rabid,7.916014936881766e-07
767,prose,6.422364208447107e-06
768,thank,3.920723702321993e-05
769,poppy,9.654441868178765e-07
770,budge,1.686997848082683e-06
771,fiber,1.428350742571638e-05
772,moldy,3.85379834710875e-07
773,dowdy,2.2063793991833336e-07
774,kneel,2.1698491536881193e-06
775,track,3.6646037187892944e-05
776,caddy,2.269638237351046e-07
777,quell,1.1482739523671626e-06
778,dumpy,1.7338058455607097e-07
779,paler,1.5189214366273518e-06
780,swore,6.71230043280957e-06
781,rebar,2.9073011376112845e-07
782,scuba,5.684592991883619e-07
783,splat,1.8004469737320505e-07
784,flyer,1.0918034547557909e-06
785,horny,1.3601632815607445e-06
786,mason,7.691953953781194e-07
787,doing,0.00017510648831375875
788,ozone,2.8815533710258023e-06
789,amply,1.3091380139940156e-06
790,molar,2.8058129259989073e-06
791,ovary,1.7132539653630374e-06
792,beset,1.7260847471334273e-06
793,queue,3.907342659204005e-06
794,cliff,7.4076260716537945e-06
795,magic,2.871552669603261e-05
796,truce,2.0148323187640926e-06
797,sport,1.9415550468693255e-05
798,fritz,6.076425851375689e-08
799,edict,1.3151511382147874e-06
800,twirl,5.034948316051668e-07
801,verse,1.6522834357601823e-05
802,llama,3.604049112482244e-07
803,eaten,1.3888679177398444e-05
804,range,0.00010908538934017997
805,whisk,2.2337941345540457e-06
806,hovel,4.994308895334143e-07
807,rehab,1.2666220357004931e-06
808,macaw,9.374506149129047e-08
809,sigma,8.754816605005544e-07
810,spout,8.667440170029295e-07
811,verve,2.553640641167476e-07
812,sushi,9.112197432159519e-07
813,dying,2.4008218133531045e-05
814,fetid,4.1960819885389355e-07
815,brain,8.006408279470634e-05
816,buddy,3.960419292070583e-06
817,thump,2.158058805434848e-06
818,scion,5.094330433053074e-07
819,candy,5.321915978129255e-06
820,chord,3.521985320276144e-06
821,basin,7.841200499569823e-06
822,march,1.1917965593966073e-05
823,crowd,4.08028263336746e-05
824,arbor,4.6073660797674165e-07
825,gayly,3.5808450604690734e-07
826,musky,5.28936027421878e-07
827,stain,4.9745210617402336e-06
828,dally,1.9125181438539585e-07
829,bless,7.79237689130241e-06
830,bravo,1.8594747075439955e-07
831,stung,3.2602951023363858e-06
832,title,4.2990104702766985e-05
833,ruler,1.0486375913387747e-05
834,kiosk,6.993537766675217e-07
835,blond,7.146734674279287e-06
836,ennui,4.5805752790784027e-07
837,layer,4.252597045706352e-05
838,fluid,3.190522329532541e-05
839,tatty,1.7741829339001924e-07
840,score,2.8290275167819345e-05
841,cutie,2.333241333474234e-07
842,zebra,7.310060397003326e-07
843,barge,1.961906320957496e-06
844,matey,9.297506053940197e-08
845,bluer,2.0139394862894733e-07
846,aider,1.0530792771135111e-07
847,shook,7.147047108446714e-05
848,river,5.5601515668968204e-05
849,privy,1.6534241069621203e-06
850,betel,3.071268679377681e-07
851,frisk,3.323070671967798e-07
852,bongo,6.919153605622341e-08
853,begun,2.679510043890332e-05
854,azure,1.050268195967874e-06
855,weave,2.8276812145122676e-06
856,genie,5.068420136922214e-07
857,sound,0.00011925981198146474
858,glove,3.7264102275003097e-06
859,braid,1.8437614528465929e-06
860,scope,3.1078197025635745e-05
861,wryly,1.2532443633972434e-06
862,rover,5.556203461765108e-07
863,assay,4.755752684104664e-06
864,ocean,2.2065135453885887e-05
865,bloom,3.963094115988497e-06
866,irate,6.532350056431824e-07
867,later,0.00023552529455628246
868,woken,2.6979949439009943e-06
869,silky,2.5276568749177386e-06
870,wreck,4.423963787303364e-06
871,dwelt,3.64457247314931e-06
872,slate,2.7668078246279038e-06
873,smack,2.171996470679005e-06
874,solid,4.067091595061356e-05
875,amaze,6.829672116737129e-07
876,hazel,1.851536154617861e-06
877,wrist,1.2965873338544043e-05
878,jolly,2.7629226337921864e-06
879,globe,9.054361044036341e-06
880,flint,1.5362198269031069e-06
881,rouse,1.6776914151250821e-06
882,civil,5.119750949234003e-05
883,vista,1.2822006851820333e-06
884,relax,1.1225225762245827e-05
885,cover,6.142972233647015e-05
886,alive,4.295710641599726e-05
887,beech,1.0661963756319892e-06
888,jetty,9.044731825724739e-07
889,bliss,4.141684883052221e-06
890,vocal,8.047740607253218e-06
891,often,0.0003011356384376995
892,dolly,3.757453157504642e-07
893,eight,5.99089362367522e-05
894,joker,4.5754609345749486e-07
895,since,0.00027160341414855793
896,event,7.422642920573708e-05
897,ensue,1.2501183448421216e-06
898,shunt,1.7803305354391341e-06
899,diver,9.410328090098119e-07
900,poser,1.1282536149792577e-07
901,worst,2.9754933166259434e-05
902,sweep,7.149408020268311e-06
903,alley,5.9785463690786855e-06
904,creed,2.6960280479215726e-06
905,anime,5.269836549359752e-07
906,leafy,1.9061302793943469e-06
907,bosom,5.721956313209375e-06
908,dunce,2.0221554208887937e-07
909,stare,1.575178498569585e-05
910,pudgy,4.3535921179227444e-07
911,waive,1.0584062977159192e-06
912,choir,3.930007437702443e-06
913,stood,0.00014003439355292358
914,spoke,7.690592974540778e-05
915,outgo,3.642762225197771e-08
916,delay,2.2598787381866714e-05
917,bilge,2.48338192676556e-07
918,ideal,3.667189048428554e-05
919,clasp,1.9870758194429072e-06
920,seize,5.846278327226173e-06
921,hotly,1.549564700553674e-06
922,laugh,3.996816485596355e-05
923,sieve,1.663506765225975e-06
924,block,4.007655843452085e-05
925,meant,9.216174839821178e-05
926,grape,3.0273565698735183e-06
927,noose,1.136139985646878e-06
928,hardy,1.6147442352121288e-06
929,shied,6.600233888320872e-07
930,drawl,7.683714073891679e-07
931,daisy,6.974501758350016e-07
932,putty,5.142564845073139e-07
933,strut,8.79492631611356e-07
934,burnt,9.63299794420891e-06
935,tulip,4.970573854734539e-07
936,crick,1.628594539226924e-07
937,idyll,3.886951631670854e-07
938,vixen,3.105619228449541e-07
939,furor,3.548534976971496e-07
940,geeky,1.7838437216255443e-07
941,cough,6.350932380883023e-06
942,naive,3.397071793642681e-06
943,shoal,5.041500799052301e-07
944,stork,3.9462788947730587e-07
945,bathe,1.9422931814006006e-06
946,aunty,3.0862897659744704e-07
947,check,5.6860998483898584e-05
948,prime,1.8711312350205844e-05
949,brass,7.544753088950529e-06
950,outer,2.0696307274192804e-05
951,furry,1.404401984927972e-06
952,razor,3.031279675269616e-06
953,elect,4.824335064768093e-06
954,evict,3.5484435301214035e-07
955,imply,1.124342838920711e-05
956,demur,2.643476335606465e-07
957,quota,2.836620069501805e-06
958,haven,2.7531304453987104e-06
959,cavil,1.233313238202527e-07
960,swear,1.152830168393848e-05
961,crump,4.2611674189174664e-08
962,dough,6.988528525653237e-06
963,gavel,3.820725140712966e-07
964,wagon,8.745792456466006e-06
965,salon,2.8534083753584127e-06
966,nudge,1.6547531629385048e-06
967,harem,1.2325241698363243e-06
968,pitch,1.4939197853891528e-05
969,sworn,5.640499921355513e-06
970,pupil,6.242153972380038e-06
971,excel,1.753924863123757e-06
972,stony,2.259387713365868e-06
973,cabin,1.7295144743911806e-05
974,unzip,3.2407864836159206e-07
975,queen,1.76382945937803e-05
976,trout,3.4123062846447283e-06
977,polyp,4.461349050188801e-07
978,earth,8.502906530338805e-05
979,storm,2.4054719233390642e-05
980,until,0.00027903071168111637
981,taper,1.240246007228052e-06
982,enter,4.769518454850186e-05
983,child,0.00018664902017917484
984,adopt,1.7600647424842464e-05
985,minor,2.3996561594685772e-05
986,fatty,8.171064109774306e-06
987,husky,2.0741161961268517e-06
988,brave,1.455844198972045e-05
989,filet,2.5764349231849337e-07
990,slime,1.2834426286190137e-06
991,glint,1.9818485270661768e-06
992,tread,3.5490706409291306e-06
993,steal,1.0010503046942176e-05
994,regal,1.3442688100440137e-06
995,guest,1.646299278945662e-05
996,every,0.00033083818561863154
997,murky,1.755903269895498e-06
998,share,8.997157601697836e-05
999,spore,7.467774452152298e-07
1000,hoist,9.908409879244573e-07
1001,buxom,3.3028651102995354e-07
1002,inner,3.796641976805404e-05
1003,otter,7.040810601210978e-07
1004,dimly,3.078006159284996e-06
1005,level,0.00022560507932212204
1006,sumac,2.188440397787872e-07
1007,donut,5.894605408229836e-07
1008,stilt,1.207134197045434e-07
1009,arena,8.205611266021151e-06
1010,sheet,2.6132187031180365e-05
1011,scrub,2.819806582010642e-06
1012,fancy,1.6783666751507553e-05
1013,slimy,1.176690147985937e-06
1014,pearl,3.5782096006187203e-06
1015,silly,1.1756777439586585e-05
1016,porch,1.2332482810961665e-05
1017,dingo,1.0686444085195035e-07
1018,sepia,2.8591851730652706e-07
1019,amble,2.4279529853288295e-07
1020,shady,2.1894754240747716e-06
1021,bread,3.1713416319689713e-05
1022,friar,9.578494086781575e-07
1023,reign,1.2751534313792945e-05
1024,dairy,5.64660956570151e-06
1025,quill,7.951435918585048e-07
1026,cross,7.629641913808882e-05
1027,brood,2.010005658803493e-06
1028,tuber,4.1675017570241835e-07
1029,shear,9.890980209092959e-06
1030,posit,1.569563323755574e-06
1031,blank,1.6285194078591303e-05
1032,villa,4.074650348684372e-06
1033,shank,5.175502195697845e-07
1034,piggy,3.2065175759043996e-07
1035,freak,3.144442530356173e-06
1036,which,0.002039003069512546
1037,among,0.0002297323699167464
1038,fecal,1.4966178980557743e-06
1039,shell,1.7124899386544712e-05
1040,would,0.0016591835883446038
1041,algae,3.0948195330893213e-06
1042,large,0.00025475394795648754
1043,rabbi,1.6724407316814904e-06
1044,agony,7.28036241071095e-06
1045,amuse,2.076606790524238e-06
1046,bushy,1.377772861133053e-06
1047,copse,6.527987750359898e-07
1048,swoon,7.734803944003943e-07
1049,knife,2.4721962290641386e-05
1050,pouch,3.313327852083603e-06
1051,ascot,3.583662211426031e-08
1052,plane,3.750965515791904e-05
1053,crown,1.5052871503939969e-05
1054,urban,5.230443730397383e-05
1055,snide,4.000012694405086e-07
1056,relay,3.51302435319667e-06
1057,abide,4.2448594967936515e-06
1058,viola,3.4683225891285474e-07
1059,rajah,1.4125696523592524e-07
1060,straw,8.612423926024348e-06
1061,dilly,9.060391192861061e-08
1062,crash,1.0921181683443137e-05
1063,amass,4.7067299391301276e-07
1064,third,0.00012286697165109217
1065,trick,1.1478969781819615e-05
1066,tutor,3.503500465740217e-06
1067,woody,1.4032321189461072e-06
1068,blurb,2.4380927143852205e-07
1069,grief,1.8597086182126077e-05
1070,disco,8.859508113800985e-07
1071,where,0.0006794259388698265
1072,sassy,4.308850094503214e-07
1073,beach,2.3414005681843264e-05
1074,sauna,6.376744465796946e-07
1075,comic,7.667059776395035e-06
1076,clued,1.708847747750042e-07
1077,creep,5.098348310639267e-06
1078,caste,5.676452246916597e-06
1079,graze,1.302065300023969e-06
1080,snuff,1.3609469817765785e-06
1081,frock,1.6143396806000965e-06
1082,gonad,1.8453303596288606e-07
1083,drunk,1.655201731409761e-05
1084,prong,4.40981018812181e-07
1085,lurid,1.0608901703790252e-06
1086,steel,2.9264625027281e-05
1087,halve,2.921073303241428e-07
1088,buyer,9.094567758438643e-06
1089,vinyl,2.3808727860341605e-06
1090,utile,1.464033161369116e-07
1091,smell,2.8705575914500514e-05
1092,adage,9.406797545352674e-07
1093,worry,4.283785347070079e-05
1094,tasty,2.3631024532733136e-06
1095,local,0.0001723127206787467
1096,trade,8.597486339567695e-05
1097,finch,2.1599548460926599e-07
1098,ashen,9.653905124196172e-07
1099,modal,3.962898460940778e-06
1100,gaunt,1.5629804863692698e-06
1101,clove,1.3111862244841177e-06
1102,enact,3.284342085407843e-06
1103,adorn,1.0519697895006175e-06
1104,roast,3.977029734869575e-06
1105,speck,1.4841442350643774e-06
1106,sheik,2.5650735580029504e-07
1107,missy,2.5574583517595784e-07
1108,grunt,2.3824047161724593e-06
1109,snoop,2.545277304477622e-07
1110,party,0.00013326753833098337
1111,touch,6.060688247089274e-05
1112,mafia,9.644263769814643e-07
1113,emcee,1.441315369277163e-07
1114,array,1.9321109448355855e-05
1115,south,4.532240836851997e-05
1116,vapid,2.3880269139908705e-07
1117,jelly,2.6135384132430772e-06
1118,skulk,1.323548168841171e-07
1119,angst,1.0219921477983007e-06
1120,tubal,3.9065371737478927e-07
1121,lower,0.00011366087892383803
1122,crest,4.59471152680635e-06
1123,sweat,1.438583876733901e-05
1124,cyber,5.020982598580304e-06
1125,adore,1.9569887115267193e-06
1126,tardy,4.939748876608974e-07
1127,swami,8.122114003583647e-08
1128,notch,3.041559750727174e-06
1129,groom,3.4384584637336957e-06
1130,roach,2.5815696247377673e-07
1131,hitch,1.6437278986813908e-06
1132,young,0.00022310841814032756
1133,align,4.971125122210651e-06
1134,ready,0.00010394946184533183
1135,frond,1.6475979336405544e-07
1136,strap,3.610734836456686e-06
1137,puree,6.268010110943578e-07
1138,realm,1.85489534487715e-05
1139,venue,4.703581566900539e-06
1140,swarm,3.27414409184712e-06
1141,offer,8.260543472715653e-05
1142,seven,6.642617881880142e-05
1143,dryer,1.4401133228147955e-06
1144,diary,8.727934073249344e-06
1145,dryly,1.8093092251092457e-06
1146,drank,1.2165608950454043e-05
1147,acrid,8.424429012166001e-07
1148,heady,1.4692845695662982e-06
1149,theta,8.010296852489773e-07
1150,junto,2.445688096486265e-07
1151,pixie,4.781479248094911e-07
1152,quoth,1.0384905522187182e-06
1153,bonus,4.610510359270847e-06
1154,shalt,9.904775538416288e-06
1155,penne,1.1189756676799334e-07
1156,amend,2.3262832655746024e-06
1157,datum,9.519353483256054e-07
1158,build,5.52257979506976e-05
1159,piano,1.0192464515057509e-05
1160,shelf,1.0116505563928513e-05
1161,lodge,5.281082849251106e-06
1162,suing,6.324901988818965e-07
1163,rearm,1.0141600448321242e-07
1164,coral,3.955467946070712e-06
1165,ramen,2.694794503099729e-07
1166,worth,6.036433933331864e-05
1167,psalm,1.8938164316750772e-06
1168,infer,4.16639443301392e-06
1169,overt,4.569842417367909e-06
1170,mayor,8.02306840341771e-06
1171,ovoid,4.026128976875043e-07
1172,glide,2.0870925254712347e-06
1173,usage,1.570858171362488e-05
1174,poise,1.0520007123204778e-06
1175,randy,1.7128185092474268e-07
1176,chuck,9.356599690590883e-07
1177,prank,9.188135408066955e-07
1178,fishy,6.502538099084632e-07
1179,tooth,8.490400887239957e-06
1180,ether,3.3107556305367325e-06
1181,drove,3.188925802533049e-05
1182,idler,2.611040663680342e-07
1183,swath,7.542124222936764e-07
1184,stint,1.296633797664981e-06
1185,while,0.0004481273572309874
1186,begat,1.275743102269189e-06
1187,apply,5.234897162154084e-05
1188,slang,1.8358775264459837e-06
1189,tarot,4.5127409720180367e-07
1190,radar,6.4189081285803695e-06
1191,credo,4.66796080900167e-07
1192,aware,6.217658574314555e-05
1193,canon,4.705525611825578e-06
1194,shift,4.488044578465633e-05
1195,timer,2.319523105143162e-06
1196,bylaw,1.332835530831744e-07
1197,serum,1.0199586768067093e-05
1198,three,0.00040224267286248505
1199,steak,3.5013189858545957e-06
1200,iliac,1.5532976078702632e-06
1201,shirk,4.699772446770112e-07
1202,blunt,4.471984425435949e-06
1203,puppy,4.274453431207803e-06
1204,penal,2.958999004931684e-06
1205,joist,1.8759803843693135e-07
1206,bunny,8.63098989611899e-07
1207,shape,6.12096755503444e-05
1208,beget,5.49167801011663e-07
1209,wheel,1.981577725018724e-05
1210,adept,2.2966825667936064e-06
1211,stunt,1.338302439535255e-06
1212,stole,8.324249165525544e-06
1213,topaz,2.991856291600925e-07
1214,chore,1.0622557056194637e-06
1215,fluke,6.311052374030623e-07
1216,afoot,9.878390159201444e-07
1217,bloat,1.747930831186295e-07
1218,bully,3.09283166188834e-06
1219,dense,1.1938672287215013e-05
1220,caper,3.156862291575635e-07
1221,sneer,1.9942440587783494e-06
1222,boxer,1.5271476740963408e-06
1223,jumbo,4.886240034807088e-07
1224,lunge,8.794041974624633e-07
1225,space,0.0001560821765451692
1226,avail,3.82894114636656e-06
1227,short,0.00015644382074242458
1228,slurp,2.251159330057817e-07
1229,loyal,9.496131269770558e-06
1230,flirt,1.487015140355652e-06
1231,pizza,6.327348842205538e-06
1232,conch,4.10296308928082e-07
1233,tempo,3.131713640414091e-06
1234,droop,8.023047257665894e-07
1235,plate,3.3847056329250336e-05
1236,bible,1.644924594756958e-06
1237,plunk,9.96408395792514e-08
1238,afoul,3.6118463953016544e-07
1239,savoy,2.8841239174681732e-08
1240,steep,9.961812565961736e-06
1241,agile,2.522710360608471e-06
1242,stake,1.0794602985697566e-05
1243,dwell,8.556039006180072e-06
1244,knave,6.697254377741046e-07
1245,beard,9.548961770633468e-06
1246,arose,1.4228203781385673e-05
1247,motif,4.09359972763923e-06
1248,smash,2.4573998302912514e-06
1249,broil,2.561173140236406e-07
1250,glare,6.933895747351926e-06
1251,shove,3.3278500382039056e-06
1252,baggy,1.0138346624444239e-06
1253,mammy,3.9885788538640554e-07
1254,swamp,3.0851086307848163e-06
1255,along,0.00021073856260045432
1256,rugby,1.798022282173406e-06
1257,wager,1.7057389811725443e-06
1258,quack,4.584306978472341e-07
1259,squat,2.1366067812778056e-06
1260,snaky,1.3514450536433742e-07
1261,debit,1.6737094199470448e-06
1262,mange,6.744643421541241e-07
1263,skate,1.0192453601121088e-06
1264,ninth,5.6241350421259995e-06
1265,joust,1.9659620775769326e-07
1266,tramp,1.9622895592874556e-06
1267,spurn,2.707024684411863e-07
1268,medal,2.6275799882569117e-06
1269,micro,1.0698745427362155e-05
1270,rebel,5.784782729278959e-06
1271,flank,4.224240115036082e-06
1272,learn,8.525799785275012e-05
1273,nadir,5.018453350658092e-07
1274,maple,2.7718350565919536e-06
1275,comfy,8.390394583557281e-07
1276,remit,1.4821707736700773e-06
1277,gruff,1.4718843317496066e-06
1278,ester,1.8220014794678718e-06
1279,least,0.00022347028061631136
1280,mogul,2.9300184678504593e-07
1281,fetch,6.395621539923013e-06
1282,cause,0.0001235787603945937
1283,oaken,4.0969711534444286e-07
1284,aglow,4.566840132724792e-07
1285,meaty,7.468947131883397e-07
1286,gaffe,1.2263345183782803e-07
1287,shyly,1.5053498998440773e-06
1288,racer,4.019207580086004e-07
1289,prowl,5.065508119628248e-07
1290,thief,6.422992441912356e-06
1291,stern,8.872119110492349e-06
1292,poesy,1.481799909441861e-07
1293,rocky,6.048064165042888e-06
1294,tweet,1.3739849862304254e-06
1295,waist,1.852147897807299e-05
1296,spire,9.308545827479975e-07
1297,grope,4.90792508855975e-07
1298,havoc,2.2192325559444726e-06
1299,patsy,9.413127521895603e-08
1300,truly,4.544069179246435e-05
1301,forty,3.0446849905274576e-05
1302,deity,4.498321914070402e-06
1303,uncle,2.1908236703893635e-05
1304,swish,7.437313342961716e-07
1305,giver,1.6159925451120216e-06
1306,preen,1.1233773733465569e-07
1307,bevel,3.9467260393166725e-07
1308,lemur,1.2881404032327737e-07
1309,draft,1.4469476582235075e-05
1310,slope,1.5197169886960182e-05
1311,annoy,1.3686456554751203e-06
1312,lingo,4.171025267396544e-07
1313,bleak,3.061064148823789e-06
1314,ditty,2.810160708577314e-07
1315,curly,3.188135565324046e-06
1316,cedar,2.2629505451732257e-06
1317,dirge,3.018729231030193e-07
1318,grown,3.736965936695924e-05
1319,horde,1.277129314303238e-06
1320,drool,6.152992710894978e-07
1321,shuck,1.315179325445115e-07
1322,crypt,1.1297133823973127e-06
1323,cumin,1.5619374664765928e-06
1324,stock,4.507094035943737e-05
1325,gravy,1.5441183336406539e-06
1326,locus,4.7061520263014245e-06
1327,wider,2.5459113203396555e-05
1328,breed,6.162634804240952e-06
1329,quite,0.00016129803043440916
1330,chafe,2.4084673810875756e-07
1331,cache,2.9963906058583234e-06
1332,blimp,1.0176715825593874e-07
1333,deign,4.4043900260248847e-07
1334,fiend,1.1807372857219889e-06
1335,logic,3.110798434136086e-05
1336,cheap,1.3161840570319328e-05
1337,elide,1.6005888170411708e-07
1338,rigid,1.2527294529718347e-05
1339,false,4.0589290620118845e-05
1340,renal,1.2748344715873827e-05
1341,pence,1.1413063276677349e-06
1342,rowdy,7.591986701527276e-07
1343,shoot,1.753841524987365e-05
1344,blaze,3.05817849266532e-06
1345,envoy,1.403179936687593e-06
1346,posse,9.68326915540274e-07
1347,brief,3.980986093665706e-05
1348,never,0.00044344480556901544
1349,abort,6.394210174676118e-07
1350,mouse,1.1704204325724277e-05
1351,mucky,1.377711242867008e-07
1352,sulky,6.872261195667306e-07
1353,fiery,5.35021536052227e-06
1354,media,9.144952855422162e-05
1355,trunk,1.1946769973292248e-05
1356,yeast,5.198808366912999e-06
1357,clear,0.00016146228517754935
1358,skunk,6.260596023821563e-07
1359,scalp,3.8655238085993915e-06
1360,bitty,1.4976301798697023e-07
1361,cider,2.2102666434875573e-06
1362,koala,1.5029384314857452e-07
1363,duvet,7.748684964781205e-07
1364,segue,2.568461354712781e-07
1365,creme,6.601649271686938e-08
1366,super,1.1574285281312768e-05
1367,grill,3.0821216796539375e-06
1368,after,0.0006366672168951482
1369,owner,3.326086334709544e-05
1370,ember,4.799264630150901e-07
1371,reach,7.320451913983561e-05
1372,nobly,9.034472583380193e-07
1373,empty,5.049098399467766e-05
1374,speed,5.86575479246676e-05
1375,gipsy,4.2154486123990864e-07
1376,recur,1.3149093263109535e-06
1377,smock,5.240671185902102e-07
1378,dread,7.988971674421919e-06
1379,merge,3.5095651469418954e-06
1380,burst,2.3463338948204182e-05
1381,kappa,5.575053450002088e-07
1382,amity,4.016947343643551e-07
1383,shaky,3.6765400750482513e-06
1384,hover,1.6032245468977635e-06
1385,carol,3.3095982843178717e-07
1386,snort,1.9773550832269393e-06
1387,synod,5.728469574250994e-07
1388,faint,1.6381463183279266e-05
1389,haunt,2.850892599326471e-06
1390,flour,1.2967420389031759e-05
1391,chair,6.55991789244581e-05
1392,detox,4.697668245512432e-07
1393,shrew,3.632113134699466e-07
1394,tense,1.145351052400656e-05
1395,plied,7.668010653105739e-07
1396,quark,6.989553043013075e-07
1397,burly,1.4546026534389966e-06
1398,novel,4.6515772737620864e-05
1399,waxen,2.9963788250597645e-07
1400,stoic,1.1283758283298084e-06
1401,jerky,1.095101112014163e-06
1402,blitz,4.4187886061308745e-07
1403,beefy,3.817568696717899e-07
1404,lyric,2.2976907985139405e-06
1405,hussy,2.695835483734754e-07
1406,towel,9.203748049912974e-06
1407,quilt,2.5263536826969357e-06
1408,below,0.00010219108844466973
1409,bingo,5.697122986703107e-07
1410,wispy,5.876579081132149e-07
1411,brash,6.548300888198355e-07
1412,scone,2.9319470229438593e-07
1413,toast,6.229254267964279e-06
1414,easel,8.322718372255622e-07
1415,saucy,6.040333317969271e-07
1416,value,0.00021243153605610132
1417,spice,2.838375280589389e-06
1418,honor,2.4505397959728725e-05
1419,route,2.850713826774154e-05
1420,sharp,3.700963407027302e-05
1421,bawdy,4.1754732649224024e-07
1422,radii,1.1274548512574256e-06
1423,skull,1.0449545470692101e-05
1424,phony,7.850839551792888e-07
1425,issue,9.62610065471381e-05
1426,lager,5.258644151240333e-07
1427,swell,4.664991593017476e-06
1428,urine,9.23674929254048e-06
1429,gassy,7.200674012608488e-08
1430,trial,5.0449387344997376e-05
1431,flora,2.590538827007549e-06
1432,upper,4.848216849495657e-05
1433,latch,2.523622242733836e-06
1434,wight,2.2972859525793865e-07
1435,brick,1.0873655583054642e-05
1436,retry,1.2579691244241076e-07
1437,holly,6.928159876906648e-07
1438,decal,1.1310496361716105e-07
1439,grass,2.739809997365228e-05
1440,shack,2.01851241854456e-06
1441,dogma,2.0898712591588264e-06
1442,mover,1.1401896813367784e-06
1443,defer,1.8254192468702968e-06
1444,sober,5.674687486134644e-06
1445,optic,4.329233661337639e-06
1446,crier,2.786145252287042e-07
1447,vying,6.649150066095899e-07
1448,nomad,4.809516340742448e-07
1449,flute,2.457680068346235e-06
1450,hippo,2.629362860773199e-07
1451,shark,2.889145264362014e-06
1452,drier,9.516877668147572e-07
1453,obese,3.294275643384026e-06
1454,bugle,5.605994672919223e-07
1455,tawny,8.666106054988632e-07
1456,chalk,2.7689788453244546e-06
1457,feast,9.657247119321255e-06
1458,ruddy,1.4976035629388207e-06
1459,pedal,1.988263164776072e-06
1460,scarf,3.985738544542983e-06
1461,cruel,1.3780799463347648e-05
1462,bleat,1.8622560560288548e-07
1463,tidal,3.61408677918007e-06
1464,slush,5.454887883615811e-07
1465,semen,1.8625923701165448e-06
1466,windy,1.4861346073757886e-06
1467,dusty,5.210007884670631e-06
1468,sally,5.139677767829198e-07
1469,igloo,1.8442003124619077e-07
1470,nerdy,2.9736947482206233e-07
1471,jewel,2.7805945705949853e-06
1472,shone,8.23036475594563e-06
1473,whale,4.505841616264661e-06
1474,hymen,2.454178087418768e-07
1475,abuse,2.9927823106845608e-05
1476,fugue,4.236419428593763e-07
1477,elbow,1.1362791610736167e-05
1478,crumb,7.722764081563582e-07
1479,pansy,1.8165563631100667e-07
1480,welsh,3.5425969713287486e-08
1481,syrup,4.348647848928522e-06
1482,terse,8.775137558814095e-07
1483,suave,5.333758963388391e-07
1484,gamut,8.756135940757304e-07
1485,swung,1.3936490404375945e-05
1486,drake,1.913142462228734e-07
1487,freed,6.5938562556766556e-06
1488,afire,4.052211366456504e-07
1489,shirt,3.626619309216039e-05
1490,grout,3.8587455719607533e-07
1491,oddly,3.7255032339089666e-06
1492,tithe,8.98451034458958e-07
1493,plaid,1.1566240800675587e-06
1494,dummy,3.0070391972003563e-06
1495,broom,2.1074765186313016e-06
1496,blind,2.5083970285777468e-05
1497,torch,4.795474524144083e-06
1498,enemy,4.724262089439435e-05
1499,again,0.0004290917931939475
1500,tying,3.1640849442737817e-06
1501,pesky,4.6539840070636274e-07
1502,alter,1.2331423931755126e-05
1503,gazer,9.217188257082398e-08
1504,noble,1.8954884581035003e-05
1505,ethos,3.959077560011792e-06
1506,bride,1.0044632972494583e-05
1507,extol,3.5723808622378783e-07
1508,decor,1.213785282061508e-06
1509,hobby,2.277403098105424e-06
1510,beast,1.4342266922540148e-05
1511,idiom,1.9391789578548924e-06
1512,utter,9.713759709484293e-06
1513,these,0.0008490413019899279
1514,sixth,1.1676159829221433e-05
1515,alarm,1.5250970363922534e-05
1516,erase,2.765480076050153e-06
1517,elegy,6.019163265591487e-07
1518,spunk,3.520564533232573e-07
1519,piper,3.213540651358926e-07
1520,scaly,7.628141531768051e-07
1521,scold,1.1580501393382292e-06
1522,hefty,1.2549561745345272e-06
1523,chick,2.094712783673458e-06
1524,sooty,4.4097701845657866e-07
1525,canal,8.962838592196931e-06
1526,whiny,2.561513596788245e-07
1527,slash,1.848139845606056e-06
1528,quake,8.396411175226604e-07
1529,joint,3.639016085799085e-05
1530,swept,1.650657031859737e-05
1531,prude,2.4399277620545945e-07
1532,heavy,6.761638724128716e-05
1533,wield,1.6484898424096173e-06
1534,femme,1.3546074910664174e-06
1535,lasso,4.685836216822281e-07
1536,maize,3.7158470718168246e-06
1537,shale,2.057907352082111e-06
1538,screw,6.507736316052615e-06
1539,spree,7.374759576350698e-07
1540,smoky,1.931528515797254e-06
1541,whiff,1.4814875441970798e-06
1542,scent,1.4075527133172727e-05
1543,glade,7.848250618280872e-07
1544,spent,6.84115984768141e-05
1545,prism,1.8921633113677672e-06
1546,stoke,3.485088981847184e-07
1547,riper,1.2573467778054237e-07
1548,orbit,7.229033030853316e-06
1549,cocoa,3.210670058706455e-06
1550,guilt,1.862618000814109e-05
1551,humus,3.9609424362652135e-07
1552,shush,2.49577983169047e-07
1553,table,0.00014842222662991844
1554,smirk,3.2502073281648336e-06
1555,wrong,0.0001029354225465795
1556,noisy,5.619151352220797e-06
1557,alert,1.2047825066474616e-05
1558,shiny,6.095708499742614e-06
1559,elate,6.721143286370079e-08
1560,resin,3.8135704016895033e-06
1561,whole,0.00020866400154773146
1562,hunch,1.3946490469152195e-06
1563,pixel,3.951049222905567e-06
1564,polar,6.762701673324045e-06
1565,hotel,3.5025927900278475e-05
1566,sword,3.074790674872929e-05
1567,cleat,1.3969908962963018e-07
1568,mango,1.5353163860254426e-06
1569,rumba,1.118081165429885e-07
1570,puffy,1.3200198338836344e-06
1571,filly,3.13166978571644e-07
1572,billy,2.8457230882850126e-07
1573,leash,2.2952107769924623e-06
1574,clout,9.767201305521667e-07
1575,dance,3.6136469134362414e-05
1576,ovate,3.322443262732122e-07
1577,facet,2.4652341608089046e-06
1578,chili,1.8720625689638837e-06
1579,paint,1.687226176727563e-05
1580,liner,1.950622390722856e-06
1581,curio,1.5609352743695126e-07
1582,salty,2.502607060250739e-06
1583,audio,8.00405427980877e-06
1584,snake,8.983548468677327e-06
1585,fable,1.5459439168807876e-06
1586,cloak,7.806508392604883e-06
1587,navel,1.1756587241507077e-06
1588,spurt,9.482280773909224e-07
1589,pesto,5.396751561193014e-07
1590,balmy,6.490584496532392e-07
1591,flash,1.611967400094727e-05
1592,unwed,2.844136517410334e-07
1593,early,0.00021396384909166954
1594,churn,1.0570898894002312e-06
1595,weedy,3.91987803993743e-07
1596,stump,2.446428368330089e-06
1597,lease,8.761183380556758e-06
1598,witty,2.148214491626277e-06
1599,wimpy,1.0602894207067948e-07
1600,spoof,2.5392440505811464e-07
1601,saner,1.3748025651239004e-07
1602,blend,7.540155706919904e-06
1603,salsa,1.1116380278508586e-06
1604,thick,4.3106892917421646e-05
1605,warty,1.3010079058517476e-07
1606,manic,1.5222769889078336e-06
1607,blare,3.0216053659160025e-07
1608,squib,8.167593890107128e-08
1609,spoon,6.4074187093865476e-06
1610,probe,7.857115178921958e-06
1611,crepe,3.727732860170363e-07
1612,knack,1.2335717372025101e-06
1613,force,0.0001250070290552685
1614,debut,2.5420414431209792e-06
1615,order,0.00028631521126953885
1616,haste,6.253337687667226e-06
1617,teeth,4.1295975279354025e-05
1618,agent,4.4871748286823276e-05
1619,widen,2.353598347326624e-06
1620,icily,2.814671091755372e-07
1621,slice,7.777606356285105e-06
1622,ingot,3.3261336085388393e-07
1623,clash,3.8970867990428815e-06
1624,juror,9.589604275106467e-07
1625,blood,0.00014621784794144332
1626,abode,3.354326054250123e-06
1627,throw,2.6905642698693555e-05
1628,unity,1.981921013793908e-05
1629,pivot,2.1839879877916246e-06
1630,slept,1.8391935100225965e-05
1631,troop,3.6804425462833024e-06
1632,spare,1.453171012144594e-05
1633,sewer,1.7327938905964402e-06
1634,parse,7.410193347823224e-07
1635,morph,6.763638111806358e-07
1636,cacti,3.4948078564411844e-07
1637,tacky,4.899543526448724e-07
1638,spool,5.321279701320236e-07
1639,demon,9.560804528518929e-06
1640,moody,1.0973214443765755e-06
1641,annex,1.1292670478724176e-06
1642,begin,6.748970736225601e-05
1643,fuzzy,8.275278105429607e-06
1644,patch,1.0166218316953746e-05
1645,water,0.00030113000684650615
1646,lumpy,7.366295307065229e-07
1647,admin,9.743681630425272e-07
1648,omega,1.734018098886736e-06
1649,limit,3.9375976484734565e-05
1650,tabby,3.11435890409939e-07
1651,macho,8.092824259620102e-07
1652,aisle,4.93192328576697e-06
1653,skiff,7.222280373753165e-07
1654,basis,8.958554099081084e-05
1655,plank,2.3304984324568068e-06
1656,verge,4.301686544749828e-06
1657,botch,9.885010321397658e-08
1658,crawl,4.824761163035873e-06
1659,lousy,1.2803450886167411e-06
1660,slain,4.788456919868622e-06
1661,cubic,4.115607794119569e-06
1662,raise,3.347090478200698e-05
1663,wrack,1.8671440571438325e-07
1664,guide,3.746722632058663e-05
1665,foist,1.279857784197702e-07
1666,cameo,4.414829462007219e-07
1667,under,0.0004187721060588956
1668,actor,1.59836056354834e-05
1669,revue,3.6725732144304857e-07
1670,fraud,1.0329786846341449e-05
1671,harpy,1.9128603057083637e-07
1672,scoop,2.3207149979498354e-06
1673,climb,1.418414944964752e-05
1674,refer,3.396972442715196e-05
1675,olden,7.060179498807884e-07
1676,clerk,9.487262104812544e-06
1677,debar,1.000581768551001e-07
1678,tally,1.2403202731547935e-06
1679,ethic,3.6387172599461337e-06
1680,cairn,4.1125465344293843e-07
1681,tulle,2.562247338744328e-07
1682,ghoul,3.1961400992486233e-07
1683,hilly,9.339588160628409e-07
1684,crude,7.873380468481628e-06
1685,apart,4.3097920752188656e-05
1686,scale,7.469472802767996e-05
1687,older,6.569827201019507e-05
1688,plain,2.8526575079013128e-05
1689,sperm,5.191275363358727e-06
1690,briny,2.1515567638630273e-07
1691,abbot,1.6270959122266504e-06
1692,rerun,2.8919027528218066e-07
1693,quest,9.838888900048914e-06
1694,crisp,5.296733888826566e-06
1695,bound,4.399305089464178e-05
1696,befit,1.42622585741492e-07
1697,drawn,4.664743028115481e-05
1698,suite,7.68665302075533e-06
1699,itchy,8.135446165624671e-07
1700,cheer,5.671722533406864e-06
1701,bagel,4.735865815064244e-07
1702,guess,4.555285158858169e-05
1703,broad,4.447561423148727e-05
1704,axiom,1.6153225317339093e-06
1705,chard,3.400729013947057e-07
1706,caput,2.386445991930941e-07
1707,leant,1.996012656491075e-06
1708,harsh,1.289987835662032e-05
1709,curse,1.1291648206679383e-05
1710,proud,2.6510994302952895e-05
1711,swing,1.076784496945038e-05
1712,opine,2.0104227260731022e-07
1713,taste,3.676912820083089e-05
1714,lupus,1.6837109058087663e-06
1715,gumbo,1.931553832434929e-07
1716,miner,1.481818713955363e-06
1717,green,7.485851165256463e-05
1718,chasm,1.7701976844364253e-06
1719,lipid,6.40373809801531e-06
1720,topic,3.2166232813324314e-05
1721,armor,6.8689146246470045e-06
1722,brush,1.317466671935108e-05
1723,crane,1.7333731818780507e-06
1724,mural,1.5302363181035616e-06
1725,abled,1.50770844697945e-07
1726,habit,1.9423185676714638e-05
1727,bossy,6.989656213818307e-07
1728,maker,7.717232620052528e-06
1729,dusky,1.5093890226580697e-06
1730,dizzy,3.237330020056106e-06
1731,lithe,9.958829565448468e-07
1732,brook,2.545349445881584e-06
1733,jazzy,1.322176501616923e-07
1734,fifty,3.2571696465311106e-05
1735,sense,0.00020080282411072403
1736,giant,1.9411816992942477e-05
1737,surly,9.645372216482428e-07
1738,legal,0.00010072221630252898
1739,fatal,1.1099444463980035e-05
1740,flunk,7.976267824005845e-08
1741,began,0.00018893361266236752
1742,prune,5.980805184435667e-07
1743,small,0.0003003558231284842
1744,slant,1.1947577149840072e-06
1745,scoff,5.7010952048131e-07
1746,torus,5.669671736541204e-07
1747,ninny,1.428101299438822e-07
1748,covey,1.1313219516750905e-07
1749,viper,5.775635258942202e-07
1750,taken,0.00019650053218356334
1751,moral,7.06966566212941e-05
1752,vogue,1.1518578730829176e-06
1753,owing,9.406742947248858e-06
1754,token,6.175670591801463e-06
1755,entry,3.238712452002801e-05
1756,booth,4.727170903606748e-06
1757,voter,3.383633554676635e-06
1758,chide,3.123047207509444e-07
1759,elfin,2.893499413403333e-07
1760,ebony,9.995228396064704e-07
1761,neigh,2.392584335098036e-07
1762,minim,7.911054211717783e-08
1763,melon,1.0138151651517546e-06
1764,kneed,3.1163229152753047e-07
1765,decoy,6.389837636788798e-07
1766,voila,1.0970523689479705e-07
1767,ankle,7.716967957094312e-06
1768,arrow,1.2001995173704927e-05
1769,mushy,5.292545921520286e-07
1770,tribe,1.2543288448796375e-05
1771,cease,8.725994575797813e-06
1772,eager,1.648850411584135e-05
1773,birth,4.831782644032501e-05
1774,graph,1.816561189116328e-05
1775,odder,1.4087232358406254e-07
1776,terra,1.9261838986039947e-06
1777,weird,1.2636165592994075e-05
1778,tried,0.0001248107037099544
1779,clack,4.1801303041211213e-07
1780,color,5.3472857871383894e-05
1781,rough,2.3675527700106613e-05
1782,weigh,5.180356993150781e-06
1783,uncut,4.1220981472633866e-07
1784,ladle,6.127707052883125e-07
1785,strip,1.1564733767954749e-05
1786,craft,1.3198469332564855e-05
1787,minus,4.850924142374424e-06
1788,dicey,1.7578490840719496e-07
1789,titan,2.373452332449233e-07
1790,lucid,1.6287347648358264e-06
1791,vicar,2.0385290326885297e-06
1792,dress,4.452889970707474e-05
1793,ditch,4.4321321865936625e-06
1794,gypsy,1.2236960174050182e-06
1795,pasta,4.097671194358554e-06
1796,taffy,1.5014991205930528e-07
1797,flame,1.3300019645612338e-05
1798,swoop,1.029984403544404e-06
1799,aloof,1.94843914869125e-06
1800,sight,6.310087610472692e-05
1801,broke,4.3107590499857906e-05
1802,teary,5.138873930832233e-07
1803,chart,1.4133485137790558e-05
1804,sixty,1.4898860854373197e-05
1805,wordy,3.064261449026162e-07
1806,sheer,1.0393212733106338e-05
1807,leper,8.080810829369511e-07
1808,nosey,1.941613447797863e-07
1809,bulge,1.7679688824046025e-06
1810,savor,1.1721560042587953e-06
1811,clamp,1.7742469822223939e-06
1812,funky,5.792977333385352e-07
1813,foamy,4.2374771425102153e-07
1814,toxic,1.0985465905832825e-05
1815,brand,2.354458547415561e-05
1816,plumb,7.843327409773337e-07
1817,dingy,1.464892250169214e-06
1818,butte,1.249194045982449e-07
1819,drill,5.724524612560344e-06
1820,tripe,2.525170188505399e-07
1821,bicep,4.903677250922556e-07
1822,tenor,2.3669208530918695e-06
1823,krill,2.4657507324832295e-07
1824,worse,4.821684706257656e-05
1825,drama,1.5192059663604596e-05
1826,hyena,4.6429220645904934e-07
1827,think,0.00045077436516294256
1828,ratio,4.1318372495879885e-05
1829,cobra,5.524858721628334e-07
1830,basil,1.97785601585565e-06
1831,scrum,4.111837341724822e-07
1832,bused,7.556569059374851e-08
1833,phone,8.853104554873426e-05
1834,court,9.742170550453011e-05
1835,camel,2.8467187007663597e-06
1836,proof,3.095884585491149e-05
1837,heard,0.0001851353226811625
1838,angel,1.4529580084854388e-05
1839,petal,8.343406534550013e-07
1840,pouty,2.6267251840295103e-07
1841,throb,1.4845638816041173e-06
1842,maybe,6.497703907371033e-05
1843,fetal,7.354684953497781e-06
1844,sprig,5.835307206325524e-07
1845,spine,1.3829007912136149e-05
1846,shout,9.601030342309969e-06
1847,cadet,8.082920430751983e-07
1848,macro,6.397724632734025e-06
1849,dodgy,4.537546800520431e-07
1850,satyr,3.521551619201091e-07
1851,rarer,9.370412215048418e-07
1852,binge,1.5731143889752275e-06
1853,trend,1.9461355805105995e-05
1854,nutty,5.402393838949138e-07
1855,leapt,4.772060492541641e-06
1856,amiss,1.8387024454113998e-06
1857,split,2.4101722374325618e-05
1858,myrrh,5.417909108018648e-07
1859,width,1.3772383226751117e-05
1860,sonar,6.403533490129121e-07
1861,tower,1.5378044508906896e-05
1862,baron,1.9038236018786847e-06
1863,fever,1.7504483821539907e-05
1864,waver,9.105297209544005e-07
1865,spark,6.46060539111204e-06
1866,belie,3.4885756861058326e-07
1867,sloop,7.702738429316014e-07
1868,expel,1.4563802892553213e-06
1869,smote,2.1025360297244333e-06
1870,baler,5.908008660071573e-08
1871,above,0.0001940928959811572
1872,north,4.828367946174694e-05
1873,wafer,1.5301018834179558e-06
1874,scant,2.5518723418826994e-06
1875,frill,2.0871406292144457e-07
1876,awash,7.483648971629009e-07
1877,snack,3.3740119533831603e-06
1878,scowl,2.354123239456385e-06
1879,frail,3.348834582084237e-06
1880,drift,8.448329936072696e-06
1881,limbo,8.710420758006876e-07
1882,fence,1.2380692623992218e-05
1883,motel,2.746610448411957e-06
1884,ounce,4.8185989953708486e-06
1885,wreak,7.321086883393946e-07
1886,revel,9.263706033380004e-07
1887,talon,2.2679696343175237e-07
1888,prior,5.269694884191267e-05
1889,knelt,6.901247957102896e-06
1890,cello,7.875233762888456e-07
1891,flake,7.14057662776213e-07
1892,debug,5.412721151287769e-07
1893,anode,2.481610465565609e-06
1894,crime,5.033790512243286e-05
1895,salve,7.038679541437887e-07
1896,scout,2.681468686205335e-06
1897,imbue,3.65609793107069e-07
1898,pinky,4.3983318676055205e-07
1899,stave,9.563834169057372e-07
1900,vague,1.2325181842243182e-05
1901,chock,3.058729376448355e-07
1902,fight,6.545875930896727e-05
1903,video,3.4063594284816645e-05
1904,stone,5.306883394951001e-05
1905,teach,3.13650889438577e-05
1906,cleft,2.547118924667302e-06
1907,frost,3.895758936778293e-06
1908,prawn,3.791036533584702e-07
1909,booty,1.4032112574113853e-06
1910,twist,7.806429266565829e-06
1911,apnea,1.373771539192603e-06
1912,stiff,1.0539633194639464e-05
1913,plaza,1.7920049515396386e-06
1914,ledge,3.451709062574082e-06
1915,tweak,6.467698625556295e-07
1916,board,5.513186442840379e-05
1917,grant,1.9570274162106216e-05
1918,medic,8.609192292396983e-07
1919,bacon,5.539104563467845e-06
1920,cable,1.0560963346506469e-05
1921,brawl,7.563969575130614e-07
1922,slunk,6.761791837561759e-07
1923,raspy,8.025092625985053e-07
1924,forum,6.0905261989319115e-06
1925,drone,3.590013591292518e-06
1926,women,0.00027800440875580534
1927,mucus,1.6925227441788593e-06
1928,boast,3.5349340805623797e-06
1929,toddy,1.792170891690148e-07
1930,coven,7.211056924916193e-07
1931,tumor,1.947442888194928e-05
1932,truer,1.042569678588734e-06
1933,wrath,8.06408957032545e-06
1934,stall,5.023213589083753e-06
1935,steam,1.4442194697039668e-05
1936,axial,5.450488515634788e-06
1937,purer,8.154075743505018e-07
1938,daily,6.062026113795582e-05
1939,trail,2.1091993403388187e-05
1940,niche,4.5544664999397355e-06
1941,mealy,1.6198697139202523e-07
1942,juice,1.5061096064528101e-05
1943,nylon,1.4919924069545232e-06
1944,plump,2.976979601498897e-06
1945,merry,5.130555507548706e-06
1946,flail,4.395334158857622e-07
1947,papal,2.791922327105567e-06
1948,wheat,1.2358655112620909e-05
1949,berry,1.4086078863329021e-06
1950,cower,4.0602490258834223e-07
1951,erect,5.285619636197225e-06
1952,brute,3.954859721488901e-06
1953,leggy,1.602505790287978e-07
1954,snipe,3.096843173011621e-07
1955,sinew,4.901776762267218e-07
1956,skier,2.800749783204992e-07
1957,penny,4.798367626790423e-06
1958,jumpy,5.356716457072253e-07
1959,rally,3.6512975043478946e-06
1960,umbra,1.1293739099471622e-07
1961,scary,5.2873049298796104e-06
1962,modem,9.46934193279958e-07
1963,gross,1.3549326695283526e-05
1964,avian,1.2018918198464235e-06
1965,greed,4.2865699469984975e-06
1966,satin,2.95313168408029e-06
1967,tonic,2.6175090397373424e-06
1968,parka,4.470669239253766e-07
1969,sniff,1.975072819959678e-06
1970,livid,1.3058863146397925e-06
1971,stark,5.5228384781003115e-06
1972,trump,1.5805339899088722e-06
1973,giddy,1.8551813809608575e-06
1974,reuse,3.4259583117091097e-06
1975,taboo,2.2352280666382285e-06
1976,avoid,6.365340141201159e-05
1977,quote,9.736266292748041e-06
1978,devil,1.7036391682268004e-05
1979,liken,4.2736035510415604e-07
1980,gloss,2.3204257217912527e-06
1981,gayer,1.305338592771932e-07
1982,beret,3.389114198171228e-07
1983,noise,4.2739580749184825e-05
1984,gland,5.777192086497962e-06
1985,dealt,1.4390145906872931e-05
1986,sling,2.048336227744585e-06
1987,rumor,2.6192764153165626e-06
1988,opera,8.397576721108635e-06
1989,thigh,8.471734190607094e-06
1990,tonga,8.393518946547829e-08
1991,flare,3.0351007467288582e-06
1992,wound,2.586997925391188e-05
1993,white,0.00017817904154071584
1994,bulky,2.2224762687983457e-06
1995,etude,5.669863067936376e-08
1996,horse,5.369629525375785e-05
1997,circa,1.88528622402373e-06
1998,paddy,8.99465760539897e-07
1999,inbox,6.144787931816609e-07
2000,fizzy,2.8934254459045405e-07
2001,grain,1.963893919310067e-05
2002,exert,5.417241595750966e-06
2003,surge,6.166715024846781e-06
2004,gleam,3.6237245240045013e-06
2005,belle,8.092750078958488e-07
2006,salvo,4.6569208933533446e-07
2007,crush,6.473036023635359e-06
2008,fruit,3.208334692317294e-05
2009,sappy,2.441371265149428e-07
2010,taker,1.068389650527024e-06
2011,tract,1.1641732953648898e-05
2012,ovine,1.4963432448666936e-07
2013,spiky,7.0310045430233e-07
2014,frank,3.7330399891288835e-06
2015,reedy,2.538062666701535e-07
2016,filth,1.811532769124824e-06
2017,spasm,1.6322815099556465e-06
2018,heave,1.681041425172225e-06
2019,mambo,8.61879883018446e-08
2020,right,0.0005215458513703197
2021,clank,4.054607813941402e-07
2022,trust,7.443672075169161e-05
2023,lumen,2.0790757844224572e-06
2024,borne,9.928954341376084e-06
2025,spook,4.496028864764412e-07
2026,sauce,1.2230359516252065e-05
2027,amber,2.8209091169628664e-06
2028,lathe,4.532431674419968e-07
2029,carat,2.6230910776803285e-07
2030,corer,3.80466120830647e-08
2031,dirty,1.698868481980753e-05
2032,slyly,7.606366665413589e-07
2033,affix,4.864316807129399e-07
2034,alloy,5.068543487141142e-06
2035,taint,1.1310987986234977e-06
2036,sheep,1.750507044562255e-05
2037,kinky,5.384086705362279e-07
2038,wooly,1.0718555110145189e-07
2039,mauve,4.769754440303586e-07
2040,flung,9.551814287078741e-06
2041,yacht,3.3725783623594907e-06
2042,fried,4.843002102461469e-06
2043,quail,8.346762569999555e-07
2044,brunt,1.125737242091418e-06
2045,grimy,1.0591514580937655e-06
2046,curvy,6.835494872348136e-07
2047,cagey,1.9326920508433432e-07
2048,rinse,1.6575907864080364e-06
2049,deuce,7.428596831005052e-07
2050,state,0.00032471292797708884
2051,grasp,1.57387430590461e-05
2052,milky,1.2261408528502216e-06
2053,bison,1.0904734750738498e-06
2054,graft,5.127733061272011e-06
2055,sandy,4.757613623951329e-06
2056,baste,1.7585894340754749e-07
2057,flask,2.6066567784255312e-06
2058,hedge,5.8878052868749364e-06
2059,girly,4.813833385242106e-07
2060,swash,9.561424185733358e-08
2061,boney,8.216662195081881e-08
2062,coupe,3.872725216069739e-07
2063,endow,6.630563120779698e-07
2064,abhor,5.514533896189278e-07
2065,welch,3.200886622423127e-08
2066,blade,1.4778689546801616e-05
2067,tight,3.3662749046925455e-05
2068,geese,1.7835174617175653e-06
2069,miser,5.383585204299379e-07
2070,mirth,1.9781336959567852e-06
2071,cloud,2.790880807879148e-05
2072,cabal,3.0250472349280244e-07
2073,leech,5.169428050066927e-07
2074,close,0.00016808671716717072
2075,tenth,6.9324109972512815e-06
2076,pecan,4.953549961328463e-07
2077,droit,1.2799076500868978e-06
2078,grail,2.7641867461625225e-07
2079,clone,1.7194643362472561e-06
2080,guise,2.647077678830101e-06
2081,ralph,5.332762142984393e-08
2082,tango,7.764708698232425e-07
2083,biddy,6.970390664662318e-08
2084,smith,1.0739964864114881e-06
2085,mower,5.792170725271717e-07
2086,payee,5.179201494343033e-07
2087,serif,2.1169201502857504e-07
2088,drape,7.608215923937678e-07
2089,fifth,1.875775660664658e-05
2090,spank,4.805416438102839e-07
2091,glaze,1.2960350659341202e-06
2092,allot,2.3106285240714897e-07
2093,truck,2.4712629965506494e-05
2094,kayak,7.128683563450977e-07
2095,virus,1.7972233308682917e-05
2096,testy,2.8866446655229083e-07
2097,tepee,1.9425215214141645e-07
2098,fully,6.965274769754615e-05
2099,zonal,4.838487868141783e-07
2100,metro,1.3723002609822288e-06
2101,curry,2.290127838477929e-06
2102,grand,2.3013135432847776e-05
2103,banjo,5.335599411182557e-07
2104,axion,4.3618312517423874e-08
2105,bezel,8.297903164589115e-08
2106,occur,5.923570552113233e-05
2107,chain,4.116654599783942e-05
2108,nasal,5.598586540145334e-06
2109,gooey,4.7660029878215937e-07
2110,filer,1.49454104203528e-07
2111,brace,2.4068687594080984e-06
2112,allay,7.131877453048219e-07
2113,pubic,1.3073959905796073e-06
2114,raven,1.7783354451239575e-06
2115,plead,3.281502301888395e-06
2116,gnash,9.46756468778176e-08
2117,flaky,4.948956302541774e-07
2118,munch,2.581796039180517e-07
2119,dully,6.332024753419319e-07
2120,eking,1.11008008119029e-07
2121,thing,0.00024741004381212406
2122,slink,3.3764641216293967e-07
2123,hurry,1.4078856338528567e-05
2124,theft,6.961825420148671e-06
2125,shorn,7.382447364534528e-07
2126,pygmy,2.7388523093918593e-07
2127,ranch,8.894547363524907e-06
2128,wring,7.742975469682278e-07
2129,lemon,8.948145250542439e-06
2130,shore,1.9782036360993516e-05
2131,mamma,2.487269512130297e-06
2132,froze,6.7275848323333776e-06
2133,newer,4.9447896799392765e-06
2134,style,5.837390199303627e-05
2135,moose,1.206154081501154e-06
2136,antic,1.2974433971635335e-07
2137,drown,3.2408435686193116e-06
2138,vegan,1.7215061518527364e-06
2139,chess,3.7535622823270387e-06
2140,guppy,6.157757415081733e-08
2141,union,2.8278983791096834e-05
2142,lever,3.3392585692126886e-06
2143,lorry,9.736918968883401e-07
2144,image,0.00010302852388122119
2145,cabby,1.2141617311556274e-07
2146,druid,2.267200045480422e-07
2147,exact,2.446096959829447e-05
2148,truth,0.00011033395276172087
2149,dopey,1.499697219742302e-07
2150,spear,6.149191108306695e-06
2151,cried,5.1659377277246676e-05
2152,chime,9.585870515138595e-07
2153,crony,2.77268000559161e-07
2154,stunk,1.525211175135155e-07
2155,timid,3.2855555787136836e-06
2156,batch,6.392240152308659e-06
2157,gauge,7.293515864148503e-06
2158,rotor,3.5892659298042418e-06
2159,crack,1.5248795079969568e-05
2160,curve,2.7710148515325272e-05
2161,latte,6.237220873117622e-07
2162,witch,8.254335625679232e-06
2163,bunch,1.1711801334968186e-05
2164,repel,1.3048791913661262e-06
2165,anvil,7.504011847458969e-07
2166,soapy,5.596810979113798e-07
2167,meter,6.566165438925964e-06
2168,broth,3.7831043186997704e-06
2169,madly,1.9271531925824092e-06
2170,dried,1.6394537851738278e-05
2171,scene,5.806595981994178e-05
2172,known,0.00021141082106623799
2173,magma,9.503319802206533e-07
2174,roost,6.812297925762323e-07
2175,woman,0.00023209389473777264
2176,thong,9.473175026641911e-07
2177,punch,8.085030458460096e-06
2178,pasty,4.965128894696136e-07
2179,downy,5.607569448784488e-07
2180,knead,5.168083418993774e-07
2181,whirl,1.4948073783216387e-06
2182,rapid,3.0276561574282823e-05
2183,clang,9.175973616493138e-07
2184,anger,4.1205002162314486e-05
2185,drive,6.0456125538621563e-05
2186,goofy,6.965396579516892e-07
2187,email,1.564842818879697e-05
2188,music,9.784612302610185e-05
2189,stuff,3.5784521969617344e-05
2190,bleep,1.0119443594192035e-07
2191,rider,4.9429421551394626e-06
2192,mecca,2.121708106983533e-07
2193,folio,1.1059036353344709e-06
2194,setup,6.440469746848976e-06
2195,verso,5.873147088664155e-07
2196,quash,3.608804490795592e-07
2197,fauna,2.043625045189401e-06
2198,gummy,3.1168161740424694e-07
2199,happy,8.857914872351103e-05
2200,newly,2.1831392132298788e-05
2201,fussy,8.185052990938857e-07
2202,relic,1.9084319831108587e-06
2203,guava,2.499987061810316e-07
2204,ratty,3.59097278135323e-07
2205,fudge,6.378151340413751e-07
2206,femur,1.5659668406442506e-06
2207,chirp,5.677028909190085e-07
2208,forte,8.696436424315834e-07
2209,alibi,1.3956480700016982e-06
2210,whine,1.5454712354312505e-06
2211,petty,5.418455657490995e-06
2212,golly,1.6582217909899555e-07
2213,plait,3.709881184477126e-07
2214,fleck,1.4668708203657843e-07
2215,felon,5.759085723866519e-07
2216,gourd,7.320600587945592e-07
2217,brown,4.17737110183225e-05
2218,thrum,3.090600273480959e-07
2219,ficus,1.0250476911721762e-07
2220,stash,1.1462072961876402e-06
2221,decry,2.6981523149061104e-07
2222,wiser,3.3581898719603487e-06
2223,junta,6.084710975073904e-07
2224,visor,8.27387282242853e-07
2225,daunt,1.0696800067933054e-07
2226,scree,2.8892336700891974e-07
2227,impel,2.663561033955375e-07
2228,await,3.7118883824405202e-06
2229,press,4.559175886242883e-05
2230,whose,0.00013513544399756938
2231,turbo,4.2928481036597077e-07
2232,stoop,1.7824054054926819e-06
2233,speak,0.00010331341945857275
2234,mangy,2.9904144582815206e-07
2235,eying,2.926607507447443e-07
2236,inlet,3.2608891729069e-06
2237,crone,3.7524620921658425e-07
2238,pulse,1.7954283521248726e-05
2239,mossy,7.729986748472584e-07
2240,staid,8.383114646903778e-07
2241,hence,2.8199985081300838e-05
2242,pinch,4.713841235570726e-06
2243,teddy,1.0189403809590658e-06
2244,sully,2.0375966158781011e-07
2245,snore,6.536610897001083e-07
2246,ripen,6.056169752355345e-07
2247,snowy,2.245794149757785e-06
2248,attic,3.2744117675065354e-06
2249,going,0.00041028195118997246
2250,leach,3.9138402030403086e-07
2251,mouth,0.00011555845048860647
2252,hound,1.9419339594151097e-06
2253,clump,1.5989879216249392e-06
2254,tonal,1.4528403085023456e-06
2255,bigot,2.2615700956407636e-07
2256,peril,3.655985096884251e-06
2257,piece,6.46548687655013e-05
2258,blame,2.2541655653185444e-05
2259,haute,4.140885891956714e-07
2260,spied,1.982224205221428e-06
2261,undid,1.3328871375506424e-06
2262,intro,7.269214279403968e-07
2263,basal,4.8700959496272844e-06
2264,shine,7.0313303695002105e-06
2265,gecko,2.0905747533106478e-07
2266,rodeo,1.0570331028247892e-06
2267,guard,3.3191536658705445e-05
2268,steer,3.904405048160697e-06
2269,loamy,1.9863699307620664e-07
2270,scamp,2.7363413934722303e-07
2271,scram,1.8676762891800536e-07
2272,manly,2.7103431534669653e-06
2273,hello,4.68100313355535e-06
2274,vaunt,1.0491038437976385e-07
2275,organ,1.459141958548571e-05
2276,feral,1.4015716374160547e-06
2277,knock,1.3492187690644641e-05
2278,extra,3.641181592684006e-05
2279,condo,1.8046453362785542e-06
2280,adapt,1.058992256730562e-05
2281,willy,3.530898950998562e-07
2282,polka,5.144398329548494e-07
2283,rayon,2.4377509788564566e-07
2284,skirt,9.583606924934429e-06
2285,faith,7.19382969691651e-05
2286,torso,3.909965755610756e-06
2287,match,3.200996843588655e-05
2288,mercy,1.7491253402113216e-05
2289,tepid,6.539636103752855e-07
2290,sleek,2.5423619263165165e-06
2291,riser,5.65234287819294e-07
2292,twixt,2.7526431267688167e-07
2293,peace,6.883792957523838e-05
2294,flush,6.079456170482445e-06
2295,catty,1.6181169470996792e-07
2296,login,1.0830454186816496e-06
2297,eject,4.5238428469929204e-07
2298,roger,1.4491076782974233e-07
2299,rival,9.517761100141797e-06
2300,untie,7.181490531138479e-07
2301,refit,2.296990757599815e-07
2302,aorta,2.5083213017751405e-06
2303,adult,3.858024047076469e-05
2304,judge,3.994242706539808e-05
2305,rower,1.5298274291808411e-07
2306,artsy,1.836756844397769e-07
2307,rural,3.325524721731199e-05
2308,shave,2.076835414754896e-06
